mean_temp,sd_temp,cold_fraction,entropy,glcm_contrast,temporal_change,group,animal
31.243773663803534,0.5602547992898491,0.0001220703125,4.363470857944817,0.21282061628663815,0.0567472177209669,A,A1
31.3910543314945,0.59550322482109,1.6276041666666666e-05,4.380966491150442,0.18594343794616613,0.05631356273474801,A,A2
30.02964807970892,0.6389567910303502,0.011726888020833333,4.330414343801438,0.20357589023263628,0.0564978612572374,A,A3
32.04286935663917,0.5840666627850133,0.0173583984375,4.403479692323043,0.17949226951583105,0.05647356246331885,A,A4
30.211571210570938,0.5640173113631768,0.00013834635416666666,4.365107739195812,0.19704966091374818,0.05659109404308011,A,A5
31.858990368002605,0.5748854346818238,0.0001953125,4.370150091485198,0.20718668640295626,0.05631971456903835,A,A6
30.035353423673737,0.8873155982679815,0.12628580729166666,5.001889416563334,0.2697790690350214,0.05846971570296008,B,B1
31.611070550384106,0.9977081032581608,0.15448404947916666,5.15713432779236,0.28476047440581176,0.05751070842914776,B,B2
31.960612589954888,0.9799834219565701,0.1000732421875,5.065799113932227,0.30758679243302267,0.058459495884016804,B,B3
31.182443325625613,1.0704214824132008,0.11118977864583333,5.065157249246289,0.3866215448370706,0.056916917840944624,B,B4
31.80108446771817,0.7864764757869066,0.09285481770833333,4.902578695628165,0.3082543356848913,0.05839592214205949,B,B5
30.63028185071346,0.8602825175397671,0.10121256510416667,4.948373027177891,0.30223293020912073,0.058182861516228514,B,B6
