group,animal,mean_temp,sd_temp,cold_fraction,entropy,glcm_contrast,frame,temporal_change
A,A1,31.243773663803545,0.5608074987912807,0.00048828125,4.365997840645669,0.2082644400352734,0,0.05674721772096689
A,A1,31.243773663803545,0.5615563290518599,0.0,4.372923477838075,0.20905474458301843,1,0.05674721772096689
A,A1,31.243773663803545,0.5618415947539748,0.000244140625,4.366716741882261,0.22860764676240863,2,0.05674721772096689
A,A1,31.243773663803548,0.5609426079707328,0.000244140625,4.362708338181482,0.21638597568657095,3,0.05674721772096689
A,A1,31.24377366380354,0.5604793006134517,0.0,4.357699252991532,0.21776285745779791,4,0.05674721772096689
A,A1,31.24377366380355,0.5589203321834995,0.0,4.352944312631981,0.21213821176618802,5,0.05674721772096689
A,A1,31.243773663803548,0.5616974895156752,0.0,4.369551711475235,0.22503306878306883,6,0.05674721772096689
A,A1,31.243773663803545,0.5599260283654777,0.0,4.353177005944393,0.21522167894935754,7,0.05674721772096689
A,A1,31.243773663803545,0.5597916204361009,0.0,4.365683895464561,0.22379594198790626,8,0.05674721772096689
A,A1,31.24377366380354,0.5593004986609683,0.0,4.350075079443986,0.2203985182035778,9,0.05674721772096689
A,A1,31.243773663803545,0.5576295692515981,0.0,4.351009305371777,0.21622358434114383,10,0.05674721772096689
A,A1,31.243773663803548,0.5602374947836797,0.0,4.358204359173227,0.21258011306374408,11,0.05674721772096689
A,A1,31.243773663803545,0.5585135902517492,0.0,4.35454413259127,0.219957601095994,12,0.05674721772096689
A,A1,31.243773663803545,0.5578303654193968,0.0,4.356353760563559,0.20655490205341398,13,0.05674721772096689
A,A1,31.243773663803545,0.5600417499782376,0.0,4.356912818323449,0.21276021982867221,14,0.05674721772096689
A,A1,31.24377366380355,0.5609276037709106,0.0,4.360764029392225,0.21586041824137064,15,0.05674721772096689
A,A1,31.243773663803545,0.5607605423145429,0.000244140625,4.36715703721987,0.21144337364575455,16,0.05674721772096689
A,A1,31.243773663803545,0.5601624327599665,0.000244140625,4.3586683508573,0.20847800925925924,17,0.05674721772096689
A,A1,31.243773663803545,0.5600711600096018,0.000244140625,4.363999713737799,0.20426862874779544,18,0.05674721772096689
A,A1,31.243773663803545,0.5582983620999087,0.000244140625,4.358816130699832,0.200882031053162,19,0.05674721772096689
A,A1,31.24377366380354,0.5605869353920055,0.000244140625,4.36603213980461,0.20313976284958435,20,0.05674721772096689
A,A1,31.24377366380354,0.5603916068517593,0.000244140625,4.374537263191588,0.20624980316200556,21,0.05674721772096689
A,A1,31.243773663803545,0.5595308246686025,0.000244140625,4.366681580638793,0.2032549130763417,22,0.05674721772096689
A,A1,31.243773663803545,0.5604741526441496,0.0,4.367972701545082,0.218674217372134,23,0.05674721772096689
A,A1,31.243773663803545,0.5610018962478864,0.000244140625,4.3712435425517615,0.21526990425799952,24,0.05674721772096689
A,A1,31.243773663803545,0.5600565337646615,0.0,4.367699868585341,0.20826837679516252,25,0.05674721772096689
A,A1,31.243773663803545,0.5609675229917063,0.0,4.362257476876204,0.210616654069035,26,0.05674721772096689
A,A1,31.243773663803545,0.5612259111244369,0.00048828125,4.365656593153594,0.20952518738977075,27,0.05674721772096689
A,A1,31.243773663803545,0.561825328606435,0.000244140625,4.380141515331288,0.21182622354497355,28,0.05674721772096689
A,A1,31.243773663803545,0.5618470954212172,0.0,4.377995762236759,0.21212148053665908,29,0.05674721772096689
A,A2,31.391054331494505,0.591600876452311,0.0,4.369748687898402,0.1815978127362056,0,0.056313562734748024
A,A2,31.391054331494505,0.5918819139613658,0.0,4.374328583712385,0.18233201845553038,1,0.056313562734748024
A,A2,31.3910543314945,0.5913607236625104,0.0,4.380134978743683,0.18263613315696653,2,0.056313562734748024
A,A2,31.3910543314945,0.5918677844759808,0.0,4.366060943405004,0.19637345679012347,3,0.056313562734748024
A,A2,31.3910543314945,0.5939334232645335,0.000244140625,4.37804239772937,0.18808756141345423,4,0.056313562734748024
A,A2,31.3910543314945,0.5944548139003657,0.0,4.382297819409307,0.19281757842025699,5,0.056313562734748024
A,A2,31.391054331494498,0.5949228225478381,0.0,4.374554973364198,0.18232611331569665,6,0.056313562734748024
A,A2,31.3910543314945,0.5958745309060031,0.0,4.373883514116943,0.18657190885613506,7,0.056313562734748024
A,A2,31.391054331494498,0.5953911846229818,0.0,4.3784353036324495,0.18046008912824385,8,0.056313562734748024
A,A2,31.391054331494495,0.5963326020321498,0.0,4.373385738384011,0.18922922178130513,9,0.056313562734748024
A,A2,31.391054331494505,0.5970164432658761,0.0,4.384857602840486,0.19923744960947343,10,0.056313562734748024
A,A2,31.391054331494505,0.5966244700976212,0.0,4.374583547442515,0.18796749023683548,11,0.056313562734748024
A,A2,31.391054331494505,0.5986346973675473,0.000244140625,4.39170025657714,0.17721423059964725,12,0.056313562734748024
A,A2,31.391054331494498,0.5996237422180346,0.0,4.388451008895733,0.18941917044595616,13,0.056313562734748024
A,A2,31.3910543314945,0.6000276154588406,0.0,4.387749460920734,0.1964708915973797,14,0.056313562734748024
A,A2,31.391054331494498,0.5987650380695058,0.0,4.390973944414379,0.18987386621315192,15,0.056313562734748024
A,A2,31.3910543314945,0.5997155069229578,0.0,4.381459183518045,0.1884251385739481,16,0.056313562734748024
A,A2,31.391054331494505,0.5987670830068367,0.0,4.391180575899513,0.183376244016125,17,0.056313562734748024
A,A2,31.3910543314945,0.5983173817613073,0.0,4.385834599367055,0.18266664304610736,18,0.056313562734748024
A,A2,31.3910543314945,0.5971340003666662,0.0,4.385163797652672,0.17927807697152937,19,0.056313562734748024
A,A2,31.3910543314945,0.5978987407761145,0.0,4.389364320548558,0.18266762723607963,20,0.056313562734748024
A,A2,31.3910543314945,0.5943381259408665,0.0,4.379537757988823,0.18177398274124468,21,0.056313562734748024
A,A2,31.391054331494505,0.5961677417831736,0.0,4.390562318818458,0.18503165154950874,22,0.056313562734748024
A,A2,31.3910543314945,0.5937838457816884,0.0,4.375109362409433,0.18669788517258756,23,0.056313562734748024
A,A2,31.391054331494505,0.5937116084482026,0.0,4.381571348683007,0.18769191704459565,24,0.056313562734748024
A,A2,31.3910543314945,0.593469301949978,0.0,4.378399104143775,0.19108540406903501,25,0.056313562734748024
A,A2,31.3910543314945,0.5943731466242103,0.0,4.3839633646490554,0.1834057697152935,26,0.056313562734748024
A,A2,31.3910543314945,0.5932075111372695,0.0,4.3727716224293145,0.17278045477450238,27,0.056313562734748024
A,A2,31.3910543314945,0.5932175665986847,0.0,4.38503649497722,0.18715159674981105,28,0.056313562734748024
A,A2,31.391054331494498,0.5926825012312767,0.0,4.3798521219416005,0.18365575396825395,29,0.056313562734748024
A,A3,30.02964807970892,0.6379604016874117,0.01123046875,4.334885939640977,0.20252365992693377,0,0.056497861257237415
A,A3,30.02964807970892,0.6359415317166374,0.006591796875,4.320540940005465,0.20013109410430843,1,0.056497861257237415
A,A3,30.029648079708924,0.6387976804105573,0.008544921875,4.323646853785144,0.20313779446963975,2,0.056497861257237415
A,A3,30.02964807970892,0.6378626517386632,0.01318359375,4.3222035681526005,0.2067281194885362,3,0.056497861257237415
A,A3,30.02964807970892,0.6396076857920263,0.010498046875,4.3363415170740325,0.2087585034013606,4,0.056497861257237415
A,A3,30.02964807970892,0.6396083823080726,0.01220703125,4.329070204163199,0.20320767195767198,5,0.056497861257237415
A,A3,30.02964807970892,0.6410523235478066,0.01220703125,4.326940517783556,0.20908623866213155,6,0.056497861257237415
A,A3,30.02964807970892,0.6406284610659678,0.01220703125,4.318491165324405,0.20078951719576726,7,0.056497861257237415
A,A3,30.02964807970892,0.6418773889216288,0.01123046875,4.331811325594676,0.20245476662887377,8,0.056497861257237415
A,A3,30.02964807970892,0.6424228243814,0.013427734375,4.324980912166876,0.1964059350592089,9,0.056497861257237415
A,A3,30.02964807970892,0.6412467619946683,0.0107421875,4.334437020314023,0.21051626669186194,10,0.056497861257237415
A,A3,30.02964807970892,0.6404394939509044,0.01171875,4.335338070185113,0.20863547965482493,11,0.056497861257237415
A,A3,30.029648079708924,0.6421381643384686,0.01123046875,4.339327914041381,0.20612677941546992,12,0.056497861257237415
A,A3,30.02964807970892,0.6410606091018265,0.01416015625,4.328531434070546,0.20605099678760397,13,0.056497861257237415
A,A3,30.02964807970892,0.6407694151504799,0.011474609375,4.334475093940095,0.21113729056437386,14,0.056497861257237415
A,A3,30.02964807970892,0.6398005848956776,0.012939453125,4.331846250425449,0.20784320672713533,15,0.056497861257237415
A,A3,30.02964807970892,0.6394853980912034,0.012451171875,4.330199199173792,0.2133280974426808,16,0.056497861257237415
A,A3,30.02964807970892,0.640587448548877,0.0146484375,4.341576387451673,0.19258432539682546,17,0.056497861257237415
A,A3,30.02964807970892,0.6391782330591511,0.012939453125,4.333025626588614,0.19884672619047616,18,0.056497861257237415
A,A3,30.02964807970892,0.6383167859472187,0.0126953125,4.33456157385298,0.20864040060468636,19,0.056497861257237415
A,A3,30.029648079708924,0.6376783990897853,0.01318359375,4.31828994544118,0.19697676524313426,20,0.056497861257237415
A,A3,30.02964807970892,0.6367503925689793,0.015869140625,4.345803596754743,0.20069700333837237,21,0.056497861257237415
A,A3,30.02964807970892,0.6365212375023396,0.01025390625,4.328398177267825,0.20467116244646008,22,0.056497861257237415
A,A3,30.02964807970892,0.6381535922076562,0.013427734375,4.333441234436485,0.19879259574200053,23,0.056497861257237415
A,A3,30.02964807970892,0.6366133943208776,0.009765625,4.327515899697608,0.20058086892164276,24,0.056497861257237415
A,A3,30.029648079708917,0.6370490468870008,0.012451171875,4.3311631065301945,0.2020148337112623,25,0.056497861257237415
A,A3,30.02964807970892,0.6369545713170435,0.012451171875,4.341177493281408,0.20103950144872768,26,0.056497861257237415
A,A3,30.02964807970892,0.6359709493806665,0.01025390625,4.3272716148448955,0.1952121126228269,27,0.056497861257237415
A,A3,30.02964807970892,0.6364144064415472,0.0087890625,4.328011392916291,0.21041489512471656,28,0.056497861257237415
A,A3,30.029648079708917,0.6378155145459594,0.009033203125,4.319126339137937,0.19994409800957422,29,0.056497861257237415
A,A4,32.042869356639194,0.5821332674276376,0.013671875,4.397194519380763,0.17990402179390277,0,0.05647356246331886
A,A4,32.04286935663919,0.5847785160090322,0.0146484375,4.408542728734567,0.18263613315696653,1,0.05647356246331886
A,A4,32.04286935663919,0.5837717662358597,0.013916015625,4.398411093452972,0.18107619205089442,2,0.05647356246331886
A,A4,32.04286935663919,0.5846135717467884,0.01806640625,4.40192727933018,0.1800280297304107,3,0.05647356246331886
A,A4,32.04286935663919,0.586179554137558,0.015625,4.4057363582669975,0.17272041918619296,4,0.05647356246331886
A,A4,32.04286935663919,0.5867384221103626,0.02001953125,4.402386663800032,0.17609028565129753,5,0.05647356246331886
A,A4,32.04286935663919,0.5885348921835322,0.024169921875,4.406853213721624,0.17567594167296546,6,0.05647356246331886
A,A4,32.04286935663919,0.587974235133189,0.021728515625,4.404587566130505,0.18420788454270604,7,0.05647356246331886
A,A4,32.04286935663919,0.588194216961121,0.020263671875,4.400019864680349,0.18326798311917358,8,0.05647356246331886
A,A4,32.04286935663919,0.5884388003124946,0.0244140625,4.408113779105723,0.1790143140589569,9,0.05647356246331886
A,A4,32.04286935663919,0.5883665674483721,0.02392578125,4.413513208669796,0.18320893172083647,10,0.05647356246331886
A,A4,32.04286935663919,0.5871006695004343,0.024658203125,4.40959531851927,0.17971997826908542,11,0.05647356246331886
A,A4,32.04286935663919,0.5874920776086863,0.024658203125,4.412310048497199,0.1780124086671705,12,0.05647356246331886
A,A4,32.04286935663919,0.5875434634140864,0.0283203125,4.420927685669934,0.18634160840262032,13,0.05647356246331886
A,A4,32.04286935663919,0.5874912654983102,0.023681640625,4.416266077356564,0.18326109378936759,14,0.05647356246331886
A,A4,32.04286935663919,0.5835816410695426,0.017333984375,4.407473496394332,0.1781501952632905,15,0.05647356246331886
A,A4,32.04286935663919,0.5841569718659166,0.01708984375,4.402517877182872,0.1870600670823885,16,0.05647356246331886
A,A4,32.04286935663919,0.5842358613153948,0.0185546875,4.4038271930276105,0.17553224993701183,17,0.05647356246331886
A,A4,32.04286935663919,0.5827970580166923,0.017333984375,4.400937480274768,0.182762109473419,18,0.05647356246331886
A,A4,32.04286935663919,0.5813588297167042,0.015625,4.402011232391886,0.18053193499622072,19,0.05647356246331886
A,A4,32.04286935663919,0.581571141488036,0.013427734375,4.407640272756495,0.16926886495338878,20,0.05647356246331886
A,A4,32.04286935663919,0.5805941050796082,0.01416015625,4.39921558645967,0.16733099489795916,21,0.05647356246331886
A,A4,32.04286935663919,0.5815779987468102,0.01220703125,4.401053791727653,0.1785980017006803,22,0.05647356246331886
A,A4,32.04286935663919,0.580483951869875,0.0107421875,4.396972936955974,0.17179035966238348,23,0.05647356246331886
A,A4,32.04286935663919,0.5796916110147413,0.009033203125,4.396981441957052,0.18326010959939532,24,0.05647356246331886
A,A4,32.04286935663919,0.5790154774422837,0.010498046875,4.394236930828302,0.18088821176618797,25,0.05647356246331886
A,A4,32.04286935663919,0.5798100456131443,0.012939453125,4.398075853979116,0.17103450176366844,26,0.05647356246331886
A,A4,32.04286935663919,0.5807808913425933,0.012939453125,4.398705099563423,0.18897136400856643,27,0.05647356246331886
A,A4,32.04286935663919,0.5810707160603751,0.013916015625,4.387533816124854,0.18121397864701438,28,0.05647356246331886
A,A4,32.04286935663919,0.5819222971812221,0.01318359375,4.400822354750789,0.18320991591080882,29,0.05647356246331886
A,A5,30.21157121057094,0.5627624722048783,0.00048828125,4.363335783509573,0.20616024187452753,0,0.056591094043080124
A,A5,30.211571210570945,0.5624648789286408,0.000244140625,4.368500790659735,0.2049408304988662,1,0.056591094043080124
A,A5,30.211571210570938,0.5625808833076216,0.000244140625,4.366159870058868,0.19414918745275883,2,0.056591094043080124
A,A5,30.21157121057094,0.5634053605935727,0.0,4.357990971169878,0.19410391471403374,3,0.056591094043080124
A,A5,30.21157121057094,0.5619606728955032,0.000244140625,4.368044011342766,0.2070263290501386,4,0.056591094043080124
A,A5,30.211571210570945,0.5639999861825277,0.000244140625,4.367695538677979,0.19425646415973796,5,0.056591094043080124
A,A5,30.211571210570945,0.5625180001658323,0.0,4.35759361087301,0.2045422335600907,6,0.056591094043080124
A,A5,30.21157121057094,0.5628003753959038,0.0,4.363649819433721,0.1998929201310153,7,0.056591094043080124
A,A5,30.211571210570945,0.563853685039516,0.0,4.358661671646089,0.18911407155454774,8,0.056591094043080124
A,A5,30.21157121057094,0.5650970055147128,0.0,4.3701345004946885,0.19633015243134289,9,0.056591094043080124
A,A5,30.21157121057094,0.5649176714065707,0.0,4.367334427675848,0.2012737386621315,10,0.056591094043080124
A,A5,30.211571210570938,0.5646553324899266,0.0,4.367207391136773,0.1945743575207861,11,0.056591094043080124
A,A5,30.211571210570945,0.565771698908058,0.0,4.3668534728854675,0.18482398746535655,12,0.056591094043080124
A,A5,30.21157121057094,0.5649645462158079,0.0,4.3590196354024995,0.19478202160493827,13,0.056591094043080124
A,A5,30.211571210570938,0.5652257649231317,0.0,4.364589657048906,0.18202396699420506,14,0.056591094043080124
A,A5,30.21157121057094,0.5651580930246314,0.0,4.364031777457559,0.18470391628873772,15,0.056591094043080124
A,A5,30.21157121057094,0.5648231708772432,0.000244140625,4.371375255155351,0.19758105788611738,16,0.056591094043080124
A,A5,30.21157121057094,0.5654935388433499,0.000244140625,4.367653890816958,0.19343958648274126,17,0.056591094043080124
A,A5,30.21157121057094,0.5654008188860021,0.000244140625,4.371501301614284,0.19734288391282442,18,0.056591094043080124
A,A5,30.211571210570938,0.5651227544102646,0.000244140625,4.372658658005343,0.19477710065507686,19,0.056591094043080124
A,A5,30.211571210570938,0.5651546120810974,0.0,4.36961369031943,0.19340120307382208,20,0.056591094043080124
A,A5,30.21157121057094,0.5638470354795839,0.000244140625,4.365909395650285,0.19271522266313934,21,0.056591094043080124
A,A5,30.211571210570945,0.5655848478857992,0.0,4.371808966382681,0.19394742850844043,22,0.056591094043080124
A,A5,30.21157121057094,0.5647871510862019,0.00048828125,4.3688736725823185,0.20370862465356512,23,0.056591094043080124
A,A5,30.211571210570938,0.5632414639969502,0.000244140625,4.367270499907334,0.19584101001511717,24,0.056591094043080124
A,A5,30.211571210570945,0.5634566982555989,0.000244140625,4.3632084919432215,0.2063905423280423,25,0.056591094043080124
A,A5,30.211571210570938,0.5628390134706105,0.00048828125,4.361312674306443,0.20033285304862689,26,0.056591094043080124
A,A5,30.211571210570938,0.5631050370658401,0.0,4.352016393206011,0.20888644809775764,27,0.056591094043080124
A,A5,30.21157121057094,0.5622518164402821,0.0,4.360265859796663,0.20014880952380953,28,0.056591094043080124
A,A5,30.211571210570938,0.5632749549196406,0.0,4.358960496714668,0.20027872260015123,29,0.056591094043080124
A,A6,31.8589903680026,0.5748203139077126,0.0,4.35843895918012,0.21402588813303103,0,0.05631971456903834
A,A6,31.858990368002598,0.5764480657732435,0.00048828125,4.3730642903667825,0.2157708569538927,1,0.05631971456903834
A,A6,31.8589903680026,0.5755504274864163,0.000244140625,4.364367229931645,0.22648868575207862,2,0.05631971456903834
A,A6,31.858990368002598,0.576960768582867,0.00048828125,4.369662480597189,0.21082431815318725,3,0.05631971456903834
A,A6,31.8589903680026,0.5775298528603594,0.0,4.374828248050686,0.2115093143738977,4,0.05631971456903834
A,A6,31.8589903680026,0.5764702923882218,0.0,4.371821401053493,0.22293575995212894,5,0.05631971456903834
A,A6,31.8589903680026,0.5763488188898418,0.00048828125,4.372433927301251,0.22089061318972034,6,0.05631971456903834
A,A6,31.8589903680026,0.5748713033095995,0.0,4.359207918157055,0.2110969387755102,7,0.05631971456903834
A,A6,31.858990368002594,0.5749020913517399,0.0,4.368449513831238,0.2086955152431343,8,0.05631971456903834
A,A6,31.8589903680026,0.5763041325407688,0.0,4.370897229578087,0.20395467214663646,9,0.05631971456903834
A,A6,31.858990368002594,0.5761512116693406,0.0,4.36379380192174,0.20181996409674985,10,0.05631971456903834
A,A6,31.8589903680026,0.5741000642634537,0.0,4.373033940392896,0.20352851788863696,11,0.05631971456903834
A,A6,31.858990368002598,0.5755967291778062,0.000244140625,4.378138223094427,0.20135641061980353,12,0.05631971456903834
A,A6,31.8589903680026,0.5740582434514215,0.000244140625,4.3724562288969295,0.19851702254976067,13,0.05631971456903834
A,A6,31.858990368002594,0.5740436329458204,0.0,4.364345687334164,0.20651651864449486,14,0.05631971456903834
A,A6,31.8589903680026,0.5742369534196196,0.0,4.368635613832764,0.2004106040564374,15,0.05631971456903834
A,A6,31.858990368002594,0.5731106568405894,0.000244140625,4.368654933678642,0.19576129062736206,16,0.05631971456903834
A,A6,31.858990368002594,0.5723813580799363,0.000244140625,4.373385594871939,0.2048807949105568,17,0.05631971456903834
A,A6,31.858990368002594,0.5747377917875827,0.00048828125,4.378658548888095,0.20189279415469896,18,0.05631971456903834
A,A6,31.858990368002598,0.5738822131627149,0.00048828125,4.36998671963655,0.20102769116906022,19,0.05631971456903834
A,A6,31.858990368002594,0.5740907288511679,0.000244140625,4.374268279404536,0.19895597127739983,20,0.05631971456903834
A,A6,31.858990368002594,0.5736447195969081,0.000244140625,4.3729938909408155,0.2053856843663392,21,0.05631971456903834
A,A6,31.858990368002598,0.5743168316256347,0.000244140625,4.374514698505869,0.19808397896195515,22,0.05631971456903834
A,A6,31.858990368002598,0.5737524048512435,0.000244140625,4.375356362590487,0.20290650982615266,23,0.05631971456903834
A,A6,31.8589903680026,0.5730577047918178,0.0,4.367663684882267,0.20698105631141345,24,0.05631971456903834
A,A6,31.8589903680026,0.5750222352801345,0.0,4.37301103802211,0.20573310342655582,25,0.05631971456903834
A,A6,31.858990368002594,0.5731451308334184,0.00048828125,4.3726011118543875,0.2118842907533384,26,0.05631971456903834
A,A6,31.858990368002594,0.5751187345094437,0.0,4.359726804838521,0.2112612985008818,27,0.05631971456903834
A,A6,31.858990368002594,0.5763466832419477,0.000732421875,4.377366780461451,0.20479418619299572,28,0.05631971456903834
A,A6,31.858990368002598,0.5755629449839484,0.0,4.362739602459769,0.2077103410808768,29,0.05631971456903834
B,B1,30.035353423673733,0.8896049092415802,0.130615234375,4.984782049648911,0.2749836624464601,0,0.058469715702960064
B,B1,30.035353423673737,0.8947304270535406,0.129150390625,5.0022976608254535,0.26587990520282184,1,0.058469715702960064
B,B1,30.035353423673733,0.9001710745057978,0.134765625,5.008350128657434,0.269755645313681,2,0.058469715702960064
B,B1,30.035353423673733,0.9057504498549722,0.135498046875,5.027124988744797,0.27225450365331316,3,0.058469715702960064
B,B1,30.03535342367373,0.90689335658867,0.140869140625,5.0337003122401915,0.2775533824640968,4,0.058469715702960064
B,B1,30.035353423673733,0.9097764103862686,0.1357421875,5.038194480815911,0.2776153864323507,5,0.058469715702960064
B,B1,30.035353423673733,0.9113991590764411,0.145263671875,5.0490117099708955,0.27757700302343163,6,0.058469715702960064
B,B1,30.035353423673733,0.9119928141817422,0.142822265625,5.042838877097707,0.28209049823633153,7,0.058469715702960064
B,B1,30.035353423673733,0.9120426372066883,0.1435546875,5.048624972267755,0.28033273494583016,8,0.058469715702960064
B,B1,30.035353423673733,0.9093935286077318,0.139892578125,5.049954690445601,0.2707614874653565,9,0.058469715702960064
B,B1,30.035353423673733,0.9046290120861612,0.136962890625,5.03618362592668,0.26939149502393556,10,0.058469715702960064
B,B1,30.035353423673733,0.9022815818614752,0.131103515625,5.034630744285128,0.2733794327916352,11,0.058469715702960064
B,B1,30.035353423673733,0.8976801541676189,0.133056640625,5.021069101122855,0.26968773620559344,12,0.058469715702960064
B,B1,30.035353423673733,0.8927444300229869,0.13330078125,5.018172453336947,0.27887514959687576,13,0.058469715702960064
B,B1,30.035353423673733,0.8883381472205727,0.12646484375,5.0080292637909,0.27397978867472916,14,0.058469715702960064
B,B1,30.035353423673733,0.8843355499803819,0.12451171875,5.013018079831133,0.2737219309019905,15,0.058469715702960064
B,B1,30.035353423673733,0.8808444806677656,0.123291015625,5.01018728275712,0.2764865205341395,16,0.058469715702960064
B,B1,30.035353423673733,0.8760882315191462,0.1181640625,4.999328420903561,0.26830002834467126,17,0.058469715702960064
B,B1,30.035353423673733,0.8718718764309429,0.11376953125,4.996625670886832,0.266784375787352,18,0.058469715702960064
B,B1,30.035353423673733,0.8703368847907517,0.111083984375,4.990432021366722,0.2598714254220207,19,0.058469715702960064
B,B1,30.035353423673733,0.8677420263634477,0.109619140625,4.983379185841463,0.26376192838246415,20,0.058469715702960064
B,B1,30.035353423673733,0.8652359427070357,0.112548828125,4.976028435426401,0.26353654887881084,21,0.058469715702960064
B,B1,30.035353423673733,0.865622302682211,0.10986328125,4.972757276024699,0.26254251700680276,22,0.058469715702960064
B,B1,30.035353423673733,0.8648805063131958,0.11376953125,4.960807222151851,0.260348757558579,23,0.058469715702960064
B,B1,30.035353423673733,0.8641557227299034,0.1123046875,4.956586186318503,0.26662887377173095,24,0.058469715702960064
B,B1,30.035353423673733,0.8663835773018848,0.114990234375,4.958149659345371,0.25778494268077606,25,0.058469715702960064
B,B1,30.035353423673733,0.8704361161202949,0.1162109375,4.954373745387639,0.26271081349206354,26,0.058469715702960064
B,B1,30.035353423673733,0.8734622292989466,0.11767578125,4.9583838605957995,0.2630208333333333,27,0.058469715702960064
B,B1,30.035353423673733,0.8784081492361889,0.123291015625,4.961072076250256,0.2659104150919628,28,0.058469715702960064
B,B1,30.035353423673733,0.8822362598350922,0.12841796875,4.96258831463552,0.2678443483875032,29,0.058469715702960064
B,B2,31.611070550384117,0.9852020793956854,0.158935546875,5.148670283989472,0.2788849914965985,0,0.05751070842914777
B,B2,31.611070550384113,0.9907726610592499,0.157470703125,5.1489054048018605,0.27504074546485263,1,0.05751070842914777
B,B2,31.611070550384117,0.9954010595797808,0.156005859375,5.157856646418156,0.28053055713025954,2,0.05751070842914777
B,B2,31.611070550384117,0.9984487340385597,0.15576171875,5.168830434061248,0.2873263888888889,3,0.05751070842914777
B,B2,31.61107055038412,1.0032569112283674,0.156005859375,5.164239980054464,0.28879381613756616,4,0.05751070842914777
B,B2,31.611070550384106,1.005522781018031,0.154052734375,5.1697924604206875,0.2926173941798942,5,0.05751070842914777
B,B2,31.611070550384113,1.0095440876953288,0.152099609375,5.167149941345681,0.2911873661501638,6,0.05751070842914777
B,B2,31.61107055038411,1.0122485950815014,0.1513671875,5.177363439412175,0.2940671060090703,7,0.05751070842914777
B,B2,31.611070550384117,1.0148090463632422,0.153564453125,5.178562564080617,0.29850285021415973,8,0.05751070842914777
B,B2,31.611070550384113,1.0169565197570596,0.151611328125,5.180107536133827,0.2953908415217939,9,0.05751070842914777
B,B2,31.611070550384106,1.0174654604227797,0.15087890625,5.178510686387618,0.2975550752708491,10,0.05751070842914777
B,B2,31.611070550384113,1.015921600446371,0.151123046875,5.180399040223281,0.29158301051902247,11,0.05751070842914777
B,B2,31.611070550384113,1.0163758925843522,0.15576171875,5.177860019720309,0.29850088183421525,12,0.05751070842914777
B,B2,31.611070550384117,1.013545059911603,0.152099609375,5.175683278846158,0.2958012487402368,13,0.05751070842914777
B,B2,31.61107055038411,1.0107954450768128,0.1552734375,5.173518023081812,0.28486197719828665,14,0.05751070842914777
B,B2,31.611070550384113,1.0082193594369828,0.15478515625,5.173953754528244,0.292047548185941,15,0.05751070842914777
B,B2,31.611070550384113,1.0049983478209086,0.15576171875,5.178211075410903,0.2856099615772234,16,0.05751070842914777
B,B2,31.611070550384113,1.000188062433053,0.152587890625,5.1591517901367965,0.2843501984126985,17,0.05751070842914777
B,B2,31.611070550384113,0.9965658196385236,0.15283203125,5.16140003725374,0.28595049130763417,18,0.05751070842914777
B,B2,31.611070550384113,0.9913165599290403,0.154541015625,5.153317653022967,0.28663548752834467,19,0.05751070842914777
B,B2,31.611070550384113,0.9867340456639435,0.15380859375,5.141035695630297,0.2759147061602419,20,0.05751070842914777
B,B2,31.611070550384113,0.9846919327451963,0.151123046875,5.1349188506956285,0.28302646289997485,21,0.05751070842914777
B,B2,31.611070550384113,0.9834773260580143,0.152099609375,5.13342200375475,0.27271215199042587,22,0.05751070842914777
B,B2,31.611070550384117,0.9811943438700893,0.15380859375,5.135083273858286,0.28081695641219456,23,0.05751070842914777
B,B2,31.611070550384113,0.9795647403004628,0.1552734375,5.12493011994121,0.26965328955656337,24,0.05751070842914777
B,B2,31.611070550384113,0.9802763075623331,0.1572265625,5.132053176822569,0.274393148463089,25,0.05751070842914777
B,B2,31.611070550384113,0.9790409845190287,0.1572265625,5.131690769811326,0.2784568688586545,26,0.05751070842914777
B,B2,31.611070550384113,0.9815998361206607,0.156982421875,5.12896649379767,0.27278891880826406,27,0.05751070842914777
B,B2,31.611070550384117,0.983382396209671,0.156494140625,5.136874100588599,0.2774028013983371,28,0.05751070842914777
B,B2,31.611070550384106,0.9837271017781912,0.157958984375,5.141571299540429,0.2724109898589066,29,0.05751070842914777
B,B3,31.96061258995489,1.0331570826574843,0.10693359375,5.093993858244988,0.32708766376921145,0,0.05845949588401682
B,B3,31.96061258995489,1.016841240789263,0.102783203125,5.079118763476745,0.32253283257747556,1,0.05845949588401682
B,B3,31.9606125899549,1.0010914829477449,0.09765625,5.067558716948683,0.3187988158226254,2,0.05845949588401682
B,B3,31.960612589954888,0.981928709380348,0.09228515625,5.057825103804653,0.3066558799445705,3,0.05845949588401682
B,B3,31.96061258995489,0.9648198167045273,0.08984375,5.037097814146116,0.2934746236457546,4,0.05845949588401682
B,B3,31.96061258995489,0.9485787225337692,0.087890625,5.032020047050074,0.29589868354749305,5,0.05845949588401682
B,B3,31.960612589954895,0.9338567795350194,0.0849609375,5.015680979280902,0.3027141991055682,6,0.05845949588401682
B,B3,31.960612589954895,0.9211506327506372,0.081787109375,5.012881662050167,0.2864534123834719,7,0.05845949588401682
B,B3,31.96061258995489,0.9108147854366736,0.080322265625,5.0056911791112,0.2928732835726884,8,0.05845949588401682
B,B3,31.960612589954888,0.9031418458941624,0.079345703125,5.000992694444859,0.2871699026832955,9,0.05845949588401682
B,B3,31.960612589954895,0.8990260568364625,0.0791015625,4.996471057146436,0.2868037840136054,10,0.05845949588401682
B,B3,31.96061258995489,0.8982667838633961,0.077392578125,4.9980319624585885,0.2895034171075838,11,0.05845949588401682
B,B3,31.96061258995489,0.9007030118217896,0.07666015625,5.000334007786467,0.2864278234441925,12,0.05845949588401682
B,B3,31.96061258995489,0.9062003213048896,0.079345703125,5.013966958949225,0.2989910084404132,13,0.05845949588401682
B,B3,31.9606125899549,0.9142289384420204,0.081298828125,5.0216595014813175,0.2950709797808013,14,0.05845949588401682
B,B3,31.96061258995489,0.925648155126076,0.087890625,5.034429034722617,0.29319117693373653,15,0.05845949588401682
B,B3,31.960612589954895,0.9399108296643631,0.09326171875,5.049227622323805,0.2943623630007559,16,0.05845949588401682
B,B3,31.96061258995489,0.9553749981923358,0.0986328125,5.065439027274552,0.30932992409926946,17,0.05845949588401682
B,B3,31.960612589954888,0.9728774094622153,0.10400390625,5.076227135155111,0.3089687263794408,18,0.05845949588401682
B,B3,31.96061258995489,0.990410400339898,0.109375,5.083520581907504,0.30640983245149916,19,0.05845949588401682
B,B3,31.96061258995489,1.008132400113924,0.115234375,5.096186283360334,0.3103711970899472,20,0.05845949588401682
B,B3,31.9606125899549,1.0236460763081623,0.119384765625,5.111802411947053,0.31771030171327785,21,0.05845949588401682
B,B3,31.960612589954895,1.0379979609992576,0.12158203125,5.117369348000129,0.32815255731922394,22,0.05845949588401682
B,B3,31.96061258995489,1.05044413432836,0.124267578125,5.132895834043122,0.32545390841521804,23,0.05845949588401682
B,B3,31.960612589954888,1.0596205247237047,0.124755859375,5.129335568963774,0.3214236504787101,24,0.05845949588401682
B,B3,31.960612589954895,1.0656950808516412,0.124755859375,5.142492140439948,0.32734552154195,25,0.05845949588401682
B,B3,31.960612589954895,1.0661848372009401,0.124267578125,5.133473288888102,0.3194139345553036,26,0.05845949588401682
B,B3,31.960612589954895,1.0655185266050153,0.124267578125,5.1347515260030105,0.33034828514739223,27,0.05845949588401682
B,B3,31.960612589954888,1.0581247981724498,0.117919921875,5.123441313973864,0.324587821239607,28,0.05845949588401682
B,B3,31.96061258995489,1.0461103157105718,0.114990234375,5.11005799458348,0.3200782627865961,29,0.05845949588401682
B,B4,31.182443325625606,1.059742063755375,0.114013671875,5.048930748072024,0.3766829648526077,0,0.05691691784094464
B,B4,31.182443325625606,1.0585338100116273,0.1123046875,5.046504617963118,0.3804789855757119,1,0.05691691784094464
B,B4,31.18244332562561,1.0594502223310682,0.11083984375,5.04412031023249,0.38171709656084657,2,0.05691691784094464
B,B4,31.182443325625606,1.0587385739100716,0.11083984375,5.049023122838944,0.3822830057949106,3,0.05691691784094464
B,B4,31.182443325625613,1.0590683796990754,0.109130859375,5.044873830546912,0.38384786785084407,4,0.05691691784094464
B,B4,31.182443325625613,1.060625310909867,0.111083984375,5.0436781198802345,0.3849767337490552,5,0.05691691784094464
B,B4,31.182443325625606,1.0604358207186795,0.108642578125,5.043243035260955,0.39287092151675496,6,0.05691691784094464
B,B4,31.182443325625606,1.063888564842816,0.108154296875,5.044411631723416,0.38989276266061984,7,0.05691691784094464
B,B4,31.18244332562561,1.065999674291271,0.107177734375,5.0523096777587675,0.39746019935752075,8,0.05691691784094464
B,B4,31.182443325625606,1.0680522338470089,0.107177734375,5.047903898945417,0.3847139550264551,9,0.05691691784094464
B,B4,31.18244332562561,1.0703202939684244,0.106689453125,5.051956928003491,0.39966773746535667,10,0.05691691784094464
B,B4,31.18244332562561,1.0717974201499372,0.1064453125,5.0543882866957945,0.39182669595616026,11,0.05691691784094464
B,B4,31.18244332562561,1.0745468177030795,0.1064453125,5.06012610471549,0.3848261526832956,12,0.05691691784094464
B,B4,31.182443325625606,1.0756410636389155,0.1064453125,5.059050331437133,0.39447711955152437,13,0.05691691784094464
B,B4,31.182443325625606,1.0789874552331713,0.10693359375,5.078022056997895,0.3928522219072815,14,0.05691691784094464
B,B4,31.182443325625613,1.0797922922533667,0.110107421875,5.074447249900017,0.3948629220206602,15,0.05691691784094464
B,B4,31.182443325625606,1.0810918655498023,0.1123046875,5.085379168122131,0.3850554689468381,16,0.05691691784094464
B,B4,31.182443325625606,1.082370928274549,0.112548828125,5.082683831410414,0.3995289666792644,17,0.05691691784094464
B,B4,31.182443325625613,1.0826892183120893,0.114990234375,5.0915047675966365,0.3921977355757118,18,0.05691691784094464
B,B4,31.182443325625606,1.083120548954807,0.115966796875,5.09428439355366,0.38978745433358536,19,0.05691691784094464
B,B4,31.182443325625613,1.0814180923994268,0.11474609375,5.092780464021958,0.3949288627488032,20,0.05691691784094464
B,B4,31.182443325625606,1.0793195454411948,0.114990234375,5.084552173229351,0.3936002062862183,21,0.05691691784094464
B,B4,31.18244332562561,1.0796567338366891,0.11474609375,5.097933478804479,0.3879972127739985,22,0.05691691784094464
B,B4,31.182443325625606,1.0762356494313707,0.1142578125,5.086112300752358,0.3737973198538674,23,0.05691691784094464
B,B4,31.182443325625606,1.0730427416671837,0.113525390625,5.076922705374474,0.3788757401108592,24,0.05691691784094464
B,B4,31.182443325625606,1.070223387933033,0.112548828125,5.071691255357084,0.37566629661123707,25,0.05691691784094464
B,B4,31.182443325625613,1.0692765671277644,0.11328125,5.064967785545427,0.3817840214789619,26,0.05691691784094464
B,B4,31.182443325625613,1.065344087976247,0.1142578125,5.06734739513536,0.37410537131519284,27,0.05691691784094464
B,B4,31.182443325625613,1.0621749193010477,0.112548828125,5.056898315332138,0.3790233686067019,28,0.05691691784094464
B,B4,31.18244332562561,1.061060188927061,0.112548828125,5.058669492181084,0.3788609772612749,29,0.05691691784094464
B,B5,31.80108446771817,0.7481026656861045,0.0830078125,4.836807717982181,0.29916816263542456,0,0.05839592214205947
B,B5,31.80108446771817,0.7473086782152657,0.085693359375,4.838468593648549,0.3062789351851852,1,0.05839592214205947
B,B5,31.801084467718162,0.7497041239683139,0.088623046875,4.833723924106289,0.30563921170319985,2,0.05839592214205947
B,B5,31.801084467718162,0.7520891701012619,0.087158203125,4.83781922332628,0.3108288454270597,3,0.05839592214205947
B,B5,31.801084467718162,0.7563118849724018,0.091064453125,4.852306347978453,0.30372397801713275,4,0.05839592214205947
B,B5,31.801084467718166,0.762217774355698,0.0908203125,4.863522804188676,0.31378830467372143,5,0.05839592214205947
B,B5,31.80108446771817,0.7668683193124523,0.092529296875,4.866276892343537,0.31117626448727637,6,0.05839592214205947
B,B5,31.80108446771817,0.7737652066943885,0.09326171875,4.88366299916276,0.30939684901738473,7,0.05839592214205947
B,B5,31.801084467718173,0.7797217272100705,0.09521484375,4.899730006532131,0.30340510046611235,8,0.05839592214205947
B,B5,31.80108446771817,0.7864874316037762,0.098388671875,4.912956022156713,0.30872169469639704,9,0.05839592214205947
B,B5,31.801084467718166,0.7943023748454885,0.0986328125,4.927286121772475,0.3104213907785337,10,0.05839592214205947
B,B5,31.801084467718162,0.8006810241917844,0.09765625,4.938805498518829,0.32200136999244144,11,0.05839592214205947
B,B5,31.801084467718162,0.8072288225634939,0.10205078125,4.944449874801407,0.31300390526580996,12,0.05839592214205947
B,B5,31.801084467718162,0.8145232277388142,0.1015625,4.956370306639602,0.3144939688838498,13,0.05839592214205947
B,B5,31.801084467718166,0.820997472283894,0.099365234375,4.9631816240375795,0.30812035462333076,14,0.05839592214205947
B,B5,31.801084467718166,0.82423906440401,0.10205078125,4.963470907091839,0.31454711514235323,15,0.05839592214205947
B,B5,31.80108446771817,0.8271010342153684,0.098388671875,4.96336033032013,0.3089441216301336,16,0.05839592214205947
B,B5,31.801084467718166,0.8282294598543288,0.098876953125,4.963767337532723,0.3176906179138322,17,0.05839592214205947
B,B5,31.801084467718166,0.8271397813590011,0.099853515625,4.961062483637152,0.3145549886621315,18,0.05839592214205947
B,B5,31.801084467718166,0.8234673081772863,0.096435546875,4.956844909643729,0.31139672304106825,19,0.05839592214205947
B,B5,31.801084467718162,0.8178538318329942,0.09375,4.940572511324879,0.30992437484252966,20,0.05839592214205947
B,B5,31.801084467718166,0.8118346582571989,0.09228515625,4.932983792919204,0.31426563681027964,21,0.05839592214205947
B,B5,31.80108446771817,0.8023709443600543,0.090087890625,4.923025598742493,0.3064295162509448,22,0.05839592214205947
B,B5,31.801084467718162,0.7932940865299349,0.091064453125,4.910746554839828,0.3050486977198287,23,0.05839592214205947
B,B5,31.80108446771817,0.7819132813191001,0.087646484375,4.897220147013302,0.3058449074074074,24,0.05839592214205947
B,B5,31.80108446771817,0.7730440223366909,0.086181640625,4.8818881697772705,0.3008324278785588,25,0.05839592214205947
B,B5,31.801084467718166,0.7641178512963108,0.085693359375,4.870047160925656,0.29780309114386494,26,0.05839592214205947
B,B5,31.80108446771817,0.7585996299475208,0.0859375,4.862553286566618,0.3002871866339128,27,0.05839592214205947
B,B5,31.801084467718162,0.7521871315042203,0.086181640625,4.8489572024066625,0.30333915973796927,28,0.05839592214205947
B,B5,31.80108446771817,0.748592284469966,0.086181640625,4.845492518908005,0.2965531698790628,29,0.05839592214205947
B,B6,30.630281850713466,0.8162578114231818,0.087890625,4.890755091686096,0.29552961230788616,0,0.05818286151622851
B,B6,30.63028185071346,0.804927987140392,0.08740234375,4.882403779874386,0.2904708758503402,1,0.05818286151622851
B,B6,30.63028185071346,0.7938424600214962,0.084228515625,4.869793654360079,0.2936832719198791,2,0.05818286151622851
B,B6,30.630281850713462,0.7853243942587934,0.08447265625,4.85840565993766,0.28101379440665153,3,0.05818286151622851
B,B6,30.63028185071346,0.7822673786972912,0.084228515625,4.859418613248129,0.28634121472663143,4,0.05818286151622851
B,B6,30.63028185071346,0.7772207826558278,0.083740234375,4.846943342827012,0.27493740551776263,5,0.05818286151622851
B,B6,30.63028185071346,0.7814779597190467,0.08642578125,4.862284821717953,0.2816751700680272,6,0.05818286151622851
B,B6,30.630281850713462,0.7861896603482814,0.08837890625,4.869241177431675,0.27627491969009826,7,0.05818286151622851
B,B6,30.63028185071346,0.7953271310566462,0.09033203125,4.884775307021346,0.2857625110229278,8,0.05818286151622851
B,B6,30.63028185071346,0.8052720128093974,0.0947265625,4.892089987014547,0.27905919312169314,9,0.05818286151622851
B,B6,30.63028185071346,0.8188212186788814,0.096923828125,4.911070882775681,0.2830195735701688,10,0.05818286151622851
B,B6,30.63028185071346,0.8336936629851102,0.101318359375,4.932749181719976,0.2903508046737213,11,0.05818286151622851
B,B6,30.63028185071346,0.8514266369204687,0.10400390625,4.948956509572904,0.2919048406399597,12,0.05818286151622851
B,B6,30.630281850713462,0.8676575115673106,0.107421875,4.961510968926813,0.2930455168178383,13,0.05818286151622851
B,B6,30.630281850713462,0.8857603709909752,0.11083984375,4.985301821469819,0.30315905297304113,14,0.05818286151622851
B,B6,30.630281850713462,0.9012133971647116,0.113525390625,4.99888519017233,0.3010804437515747,15,0.05818286151622851
B,B6,30.63028185071346,0.9160428872660445,0.11474609375,5.008769633794068,0.3201629031242127,16,0.05818286151622851
B,B6,30.63028185071346,0.9270067732688203,0.116943359375,5.020780997164566,0.31899466962711015,17,0.05818286151622851
B,B6,30.63028185071346,0.9363288864450264,0.117919921875,5.025833684538619,0.32349832294028735,18,0.05818286151622851
B,B6,30.630281850713455,0.940532169337454,0.1181640625,5.035983087775097,0.32870075113378683,19,0.05818286151622851
B,B6,30.63028185071346,0.9446474888758848,0.11572265625,5.0325985896809,0.3304555618543714,20,0.05818286151622851
B,B6,30.630281850713462,0.9402839182209597,0.114990234375,5.032354043630214,0.3350192507558579,21,0.05818286151622851
B,B6,30.630281850713455,0.9370849832418376,0.114990234375,5.035173241172968,0.33306464947089953,22,0.05818286151622851
B,B6,30.63028185071346,0.9273653712446628,0.11279296875,5.022256119352321,0.3365476977828168,23,0.05818286151622851
B,B6,30.630281850713462,0.9155995996075487,0.10888671875,5.009718173403341,0.32267258755354,24,0.05818286151622851
B,B6,30.630281850713462,0.9009610574204282,0.106689453125,4.995872935155674,0.31355111489040055,25,0.05818286151622851
B,B6,30.630281850713455,0.8848661637311172,0.104248046875,4.975828328069706,0.3084136432350718,26,0.05818286151622851
B,B6,30.630281850713455,0.867067831776543,0.0986328125,4.946845345707434,0.30122413548752847,27,0.05818286151622851
B,B6,30.63028185071346,0.8509455179886233,0.09423828125,4.9405000369962595,0.2936350466112371,28,0.05818286151622851
B,B6,30.630281850713455,0.8330625013302501,0.091552734375,4.914090609139192,0.29373937074829937,29,0.05818286151622851
